{"rmse": 612.5342194204934, "r2": 0.6633025027836771, "resid_std": 555.4048885678015}